UnknownTag,Count
Causes of Distress,97
Mental Distress; Seeking Help,7
Mental Distress; Seeking Help; Mood Tracking,7
Seeking Help; Mental Distress,5
Mood Tracking; Cause of Distress,5
Mental Distress; Positive Coping; Seeking Help,4
Positive Coping; Seeking Help,3
Positive Coping; Mood Tracking,3
Mental Distress; Mood Tracking,3
Seeking Help; Positive Coping,2
Maladaptive Coping; Seeking Help,2
Mental Distress; Seeking Help; Cause of Distress,2
Mental Distress; Cause of Distress,2
Seeking Help; Mental Distress; Positive Coping,2
Progress Update. Cause Of Distress,1
Mood Tracking; Mental Distress; Seeking Help,1
Seeking Help; Mental Distress; Mood Tracking,1
Mental Distress; Mood Tracking; Cause of Distress,1
Seeking Help; Mood Tracking; Cause of Distress,1
Mental Distress; Maladaptive Coping,1
Positive Coping; Cause of Distress,1
Cause of Distress; Seeking Help,1
Mood Tracking; Cause of Distress; Mental Distress,1
Mood Tracking; Critical Risk,1
Positive Coping; Cause of Distress; Seeking Help,1
Cause of Distress; Mental Distress; Seeking Help,1
Mental Distress; Seeking Help; Progress Update,1
Mental Distress; Mood Tracking; Seeking Help,1
Mental Distress; Maladaptive Coping; Seeking Help,1
Cause of Distress; Positive Coping,1
Seeking Help; Critical Risk; Mental Distress,1
Critical Risk; Mental Distress; Seeking Help,1
